{
  "project_info": {
    "project_number": "347018084919",
    "project_id": "authapp-3fc92",
    "storage_bucket": "authapp-3fc92.appspot.com"
  },
  "client": [
    {
      "client_info": {
        "mobilesdk_app_id": "1:347018084919:android:12509606dccd4cef9eb5b2",
        "android_client_info": {
          "package_name": "com.example.authapp"
        }
      },
      "oauth_client": [
        {
          "client_id": "347018084919-uf44rl4fn5rf6ueh6n4e1ai30cq69pot.apps.googleusercontent.com",
          "client_type": 3
        }
      ],
      "api_key": [
        {
          "current_key": "AIzaSyDeD3EUDMu5IC2zB22GvwlsRGPC3H0qMvs"
        }
      ],
      "services": {
        "appinvite_service": {
          "other_platform_oauth_client": [
            {
              "client_id": "347018084919-uf44rl4fn5rf6ueh6n4e1ai30cq69pot.apps.googleusercontent.com",
              "client_type": 3
            }
          ]
        }
      }
    }
  ],
  "configuration_version": "1"
}